row: time/col: destination_zone,0,1,2,3,4,5,6,7,8,9
0,0.7220715,0.78589624,0.8298559,0.001765248,0.4647661,0.812806,0.0025823205,0.6607121,0.0975422,0.6393199
